{
    "name": "root",
    "gauges": {
        "CCTV.Policy.Entropy.mean": {
            "value": 1.2280114889144897,
            "min": 1.2280114889144897,
            "max": 1.4189382791519165,
            "count": 202
        },
        "CCTV.Environment.EpisodeLength.mean": {
            "value": 4.0,
            "min": 4.0,
            "max": 4.0,
            "count": 202
        },
        "CCTV.Policy.ExtrinsicValueEstimate.mean": {
            "value": 0.023914987221360207,
            "min": -0.008133248426020145,
            "max": 0.511411726474762,
            "count": 202
        },
        "CCTV.Environment.CumulativeReward.mean": {
            "value": -0.005000000353902578,
            "min": -0.005000000353902578,
            "max": 0.010000000318977981,
            "count": 202
        },
        "CCTV.Policy.ExtrinsicReward.mean": {
            "value": -0.005000000353902578,
            "min": -0.005000000353902578,
            "max": 0.010000000318977981,
            "count": 202
        },
        "CCTV.IsTraining.mean": {
            "value": 1.0,
            "min": 1.0,
            "max": 1.0,
            "count": 202
        },
        "CCTV.Losses.ValueLoss.mean": {
            "value": 0.00013375826529227197,
            "min": 0.00013375826529227197,
            "max": 0.031118521466851234,
            "count": 98
        },
        "CCTV.Losses.PolicyLoss.mean": {
            "value": 0.07235739380121231,
            "min": 0.053800325840711594,
            "max": 0.08471522480249405,
            "count": 98
        },
        "CCTV.Policy.LearningRate.mean": {
            "value": 9.910007793223485e-05,
            "min": 9.910007793223485e-05,
            "max": 0.000297949998639524,
            "count": 98
        },
        "CCTV.Policy.Epsilon.mean": {
            "value": 0.13303333520889282,
            "min": 0.13303333520889282,
            "max": 0.19931666553020477,
            "count": 98
        },
        "CCTV.Policy.Beta.mean": {
            "value": 0.0016583631513640285,
            "min": 0.0016583631513640285,
            "max": 0.0049659013748168945,
            "count": 98
        }
    },
    "metadata": {
        "timer_format_version": "0.1.0",
        "start_time_seconds": "1592940321",
        "python_version": "3.8.3 (default, May 19 2020, 06:50:17) [MSC v.1916 64 bit (AMD64)]",
        "command_line_arguments": "C:\\Users\\akljh\\Anaconda3\\envs\\ml-agents\\Scripts\\mlagents-learn --run-id=Player Train 5 trainer_config.yaml",
        "mlagents_version": "0.18.0.dev0",
        "mlagents_envs_version": "0.18.0.dev0",
        "communication_protocol_version": "1.0.0",
        "tensorflow_version": "2.2.0",
        "end_time_seconds": "1592940525"
    },
    "total": 204.6363152,
    "count": 1,
    "self": 0.0033726999999998952,
    "children": {
        "run_training.setup": {
            "total": 0.004773399999999928,
            "count": 1,
            "self": 0.004773399999999928
        },
        "TrainerController.start_learning": {
            "total": 204.6281691,
            "count": 1,
            "self": 7.414501799998334,
            "children": {
                "TrainerController._reset_env": {
                    "total": 5.7722430000000005,
                    "count": 1,
                    "self": 5.7722430000000005
                },
                "TrainerController.advance": {
                    "total": 190.49966020000167,
                    "count": 20273,
                    "self": 0.16784270000053425,
                    "children": {
                        "env_step": {
                            "total": 190.33181750000114,
                            "count": 20273,
                            "self": 168.3973396000012,
                            "children": {
                                "SubprocessEnvManager._take_step": {
                                    "total": 21.733928700000646,
                                    "count": 20273,
                                    "self": 0.530211500000533,
                                    "children": {
                                        "NNPolicy.evaluate": {
                                            "total": 21.203717200000114,
                                            "count": 20273,
                                            "self": 21.203717200000114
                                        }
                                    }
                                },
                                "workers": {
                                    "total": 0.20054919999928167,
                                    "count": 20272,
                                    "self": 0.0,
                                    "children": {
                                        "worker_root": {
                                            "total": 197.1835116000001,
                                            "count": 20272,
                                            "is_parallel": true,
                                            "self": 73.01963980000009,
                                            "children": {
                                                "steps_from_proto": {
                                                    "total": 0.00025159999999946336,
                                                    "count": 1,
                                                    "is_parallel": true,
                                                    "self": 7.579999999940412e-05,
                                                    "children": {
                                                        "_process_vector_observation": {
                                                            "total": 0.00017580000000005924,
                                                            "count": 2,
                                                            "is_parallel": true,
                                                            "self": 0.00017580000000005924
                                                        }
                                                    }
                                                },
                                                "UnityEnvironment.step": {
                                                    "total": 124.1636202,
                                                    "count": 20272,
                                                    "is_parallel": true,
                                                    "self": 1.1996390999983078,
                                                    "children": {
                                                        "UnityEnvironment._generate_step_input": {
                                                            "total": 5.276399100000272,
                                                            "count": 20272,
                                                            "is_parallel": true,
                                                            "self": 5.276399100000272
                                                        },
                                                        "communicator.exchange": {
                                                            "total": 113.50209430000135,
                                                            "count": 20272,
                                                            "is_parallel": true,
                                                            "self": 113.50209430000135
                                                        },
                                                        "steps_from_proto": {
                                                            "total": 4.185487700000069,
                                                            "count": 20272,
                                                            "is_parallel": true,
                                                            "self": 1.3045655000004857,